title,authors,date_added,last_date_read,dates_read,moods,pace,star_rating,review
Deep Work: Rules for Focused Success in a Distracted World,Cal Newport,7/23/25,7/29/25,2025/07/27-2025/07/29,"informative, inspiring, reflective",slow,4.5,"it took me a while to write down a review for this book. in fact, i'd started reading another one before i decided to gather my thoughts and put them into words. i picked up this book to hopefully solve my continuous problem of procrastination, particularly whenever i try to study my math majors. to troubleshoot my inability to focus in complex tasks, i was hoping cal could provide me details on the walls that prevent my studying from becoming smooth sailing. unfortunately, this book did not solve my math procrastination problem but it gave me equally, if not more, significant insights that would help tremendousy in other aspects of my life. the key theme of this book is that focus is a skill and should be treated more carefully than money. you should be carefully on where and what you are paying attention to because attention is a limited resource. as such, when time spent on trivial matters is accumulated, it becomes detrimental to the progress you could have otherwise achieved. i've began applying the core lessons of this book over the past few days by being mindful of things that fracture my attention. i've also stopped multi-tasking and greatly reduced dopamine machines by avoiding short contents like the plague. throughout this experiment, i've discovered that netflix doesn't fracture nor reduce the quality of my attention so i shall be keeping it even after classes start. this was a very unexpected book that severed my habit of doom scrolling. it is also this book that helped me realize that my ideal pomodoro length is 90 minutes instead of the usual 25 because (1) it takes a while to ease into focus, (2) i don't like being interrupted once i get into the task. deep work resonated with me on a personal level. ive often been described as a deep person, so this book felt like it was shedding light on a part of me i hadnt fully explored. i thought, if i can think deeply, then i should naturally be able to focus deeply. the insights i gained from this book will certainly influence the choices i make going forward, especially in my career."
Harry Potter and the Goblet of Fire,J.K. Rowling,6/28/25,7/13/25,2025/06/28-2025/07/13,"adventurous, dark, emotional, funny, hopeful, reflective, sad, tense",medium,4.5,"the densest book of the series so far with the thickest plot and a lot of interesting new characters. as always, the defence against the dark arts professor is integral to the plot. i absolutely loved the world-building j.k. rowling employed (especially the dragons). almost cried when harry and ron made up. ron was 90% the reason why every book was enjoyable, and i'm really glad harry cherishes him the way he deserves to be. popularity's a bitch, but at least he has people who would stand by him no matter what. also, i always have my man, dumbledore, to thank for for always coming to the rescue. man's leadership and manipulation skills are insane. he's moving all of them like chess pieces. i hope we get to see his perspective and behind the scenes one day. i'd love to write a long review about this book someday. there's a lot to point out, starting with the symbolic death of cedric though i so badly wanted him to live. that death was insane , and dare i say, disrespectful. what do you mean they just killed him like that?! lol, i was rooting for him throughout the book, and if i didn't get spoiled, my world would've stopped at the page he died. that's how amazing he is of a character. and, oh, i just knows it's only gonna get worse from here."
"The Psychology of Money: Timeless Lessons on Wealth, Greed, and Happiness",Morgan Housel,2/4/25,7/21/25,2025/07/20-2025/07/21,"challenging, informative, inspiring, reflective",medium,5.0,"this reminds me of 1984. because both books left me with an indescribable paradox of being empty yet overwhelmed with information. absolutely no questions, i will be keeping this book by my bed to open it every now and then a privilege i have yet to grant to other books. first of all, i want to say that this was a very intuitive read. it's my first time to read a physical self-help book chronologically without skipping any paragraph. this can mainly be attributed to the fact that i am very interested in psychology and lately, economics, but morgan truly did make it easy for me to follow. i was enjoying myself so much that i sometimes didn't realize he changed subjects abruptly or made some crazy leaps. second, a lot of points in this book are actually applicable in other aspects of life, especially if you use analogies and get creative with correlations. it's a very nice strength. there's a variety of lessons throughout the chapters: from the proper way of handling your own money to the global movement of the economy. lt's astonishing to read, realize, and understand the extent of how truly connected the world is. that one mere action could lead to a domino of effects. third, i've been wanting to save and invest for years now, but i neither had the opportunities nor the right mindset to start investing and maintain those savings. so my allowances went to purchases for my wants though i've invested a significant amount of them for the last two years to self-discovery and self-growth. i do regret not saving and investing earlier, but i have to admit that the prices i paid to my soul-searching journey is what allowed me to truly grasp the depth of this book. therefore, i can now fully unlock and proceea with this new stage of my life. self-help books, after all, hit better if you know yourself best. fourth, this book made me realize that books that give practical tips and advices to solve problems do not benefit me. i've browsed through hundreds over the years, yet all i felt was dragging myself through the mud. but this one made me float. no joke. i guess, my one takeaway from this is, i should find books that provide an insight on the underlying issues instead of only fixing what's on the surface. i'm a fairly directional person, so all i need to know are rules of the game. from there, i can make my own path. i have a lot of fiction books in my shelves for now (since i bought the entire series of harry potter and game of thrones lol), so by 97% of this book's influence, i will now be redirecting myself to non-fiction books to cover up the knowledge gaps i have recently found within myself. it will also serve as preparation for when classes start again :p."
White Nights,Fyodor Dostoevsky,2/4/25,1/8/25,2025/01/06-2025/01/08,"emotional, sad, tense",medium,3.0,"fyodor has been recommended all over my tiktok and instagram feed. they said he was a guy who could touch the deepest parts of your soul and sure enough, he did with mine as well. this was my first book of him and i went through it quickly in two days. there was a lot of fancy vocabulary; you could tell that he wanted to draw you into the emotional world of the book and forget about reality for a while. heck, it's so effective that i found myself leaving rationality when i grew angry at nastenka for the way he treated my boi. but alas, who would leave a first love over a man you've just known for four nights? contrary to others, i don't think this was romantic in any sense. maybe nastenka got her happy ending. but the man needed to touch some grass and not fall in love with the slightest touch of affection. it was quite an adventure walking through his mind and reading his thoughts, but in real life, it's understandable why his social life isn't active. i'll read crime and punishment next. that'll surely be fun. fyodor's insane words would have you googling every page, but it's also insane in how much my heart enjoyed it even though i found the plot inherently boring."
The Unfair Advantage: How You Already Have What It Takes to Succeed,Ash Ali,8/29/25,8/31/25,2025/08/29-2025/08/31,"hopeful, informative, inspiring, reflective",fast,3.75,"""what do you want for your legacy?"" to be honest, this was undercooked. it could be refined further to add more value, particularly if ash and hasan can broaden the concepts further. but i guess they wanted to specialize it for startups. i can see the thought process behind that as enterpreneurs are usually the ones seeking for leverages to exploit, therefore making them the ideal target market. as someone who never truly saw herself in the world of business, there was still quite a lot of insights i could take away from this book and apply to my life in general. things to take away from this: ""every disadvantage can have a corresponding advantage."" ""the pressure of the idea that anyone can be anything if they just try hard enough imbues us all with too much guilt for not achieving what they have."" ""unfair advantages don't just add together, they multiply together."" accumulative advantage ""speed is absolutely critical to survival."" ""all of life is fluid."" ""you have to have two opposing viewpoints in your mind without feeling the need to fully reconcile them, and tyen deploy the right persoective when needed."" dream in that direction ""learn how to fail."" ""you need a bit of naive optimism."" ""if you want more luck, take more chances. be more active."" observant, proactive, and initiating ""it's not enough to be in the right place at the right time; you also have to be in the right state of mind for it."" ""sometimes, success that comes too early can stunt your growth."" ""correlation is not causation."" the power of a last name ""status is your perceived credibility, your perceived ability to add value."" ""difference gives you insights."" ""if you do have a form of status, be sure to highlight it when necessary."" ""giving up time in order to reap the benefits of experience and wisdom seems like a small sacrifice."""
"Psych 101: Psychology Facts, Basics, Statistics, Tests, and More!",Paul Kleinman,2/4/25,2/9/25,2024/12/21-2025/02/09,"challenging, informative",fast,3.75,"i started this book last year, and it took me a while to get through it because it's a reference book; so it would fulfill its purpose even more if i were to understand it properly instead of rushing through it. psychology has been a long-time interest of mine, and i'm glad to have been given a concise and clear overview of the subject matter by this book. it offers a little history on the psychologists, the resulting impact of the theories, along with their significance. psych 101 truly did enhance my understanding of people and the possible implications of thoughts and behaviors. the one thing i love about psychology is it's not only something that you can read off a book and call it interesting you can use it in your everyday life. what interested me the most was louis and howard's definitions of intelligence. there was a lot i wanted to decode from there. it struck me the most that no theory is definite in this field. in the same way that some theories feel more intuitive to me, psychologists are also constantly creating new research to prove or disprove one another. this isn't the whole of psychology, yet the book has continuously shown how so many theories were born just to prove freud wrong (lol, the guy's still pissing off people even when he's six feet under). no wonder he's hailed as the father of modern psychology. however, this also made me realize the potential of research in psychology. there's so much more to uncover because of how diverse and tricky our minds is. i'll be keeping this book and going back to it from time to time. but generally, i've already taken note of what i need the most. encyclopedias can provide more information, but this book was short and sweet; perfect if you just want an overview or just getting interested in the topic."
1984,George Orwell,2/4/25,2/1/25,2025/01/09-2025/02/01,"challenging, dark, informative, mysterious, reflective, sad, tense",medium,4.75,"what a mind fuck this book has been. it helped me flesh out my annotation system because life is too long to trust your memory. 1984 sucked my soul out of me and gave me a whole new soul simultaneously. i'll definitely be re-reading it at some point in the future and using it as a reference. the book was a consuming read so much so that i had to take a few days to breathe and remind myself that i wasn't in it. the early chapters had me in chill mode, but when i got to chapter nine, i was underlining and tabbing left and right. i enjoyed the world-building so much and terrifyingly, how the elaboration slowly made the contradictions make sense. some parts of it weren't just applicable in the world of the book or in oceania in particular it was relevant to modern society and history. there were always sprinkled bits of truth here and there. ultimately, the pattern recognition sold me. once i got into part three, it was almost impossible to put down. i had to finish it immediately. for me, the most tedious but most important and indeed heaviest parts of the book were the chapters that narrated winston's torture. it was certainly very hard to go through but a lot were to be learned, and i don't think i can effectively process all of it at the young age of twenty. o'brien was a filthy, twisted, complex, and outstanding character. he's a villain that is truly a villain, yet you gotta hand it to him for the role the played. i've read tons of reddit and goodreads discussions, but i don't know who and what he is. but i guess that's the selling point of the book: ambiguity. you might as well lose your mind trying to answer all of your questions at once. a lot of readers' theories make sense, especially regarding julia. how she was possibly raped, had a child, had a lobotomy, and was watching as winston betrayed her. it made so much sense from the subtle clues orwell placed in the book. i was always suspicious that o'brien lied about julia betraying him first, but at the same time, i wouldn't be surprised if it turns out differently. i also think mr. charrington was replaced by a member of the thought police, that it wasn't him who gave winston up. as for julia and winston's relationship, i never once thought of it as a love story. in a free world, they probably wouldn't have bat each other an eye. they wouldn't have worked out. infj x estp rarely do due to their misaligned values, priorities, world views, and principles. it was more of a companionship born out of loneliness, pent-up desires, and rebellion. theirs was never a romance. but i do acknowledge the fact that they were loyal to one another in a sense that they tried to hold on as much as possible to their relationship even in the face of their survival instincts. i'm so glad it was written from winston's point of view. any other character would probably have reduced the quality of his book. i loved accompanying his mind in its hyperfixation of the abstracts, possibilities, and ponderings of the real past. it's impressive how he survived for thirty-nine years with so much deception, but one taste of hope made him greedy for more and ultimately led to his downfall. had he proceeded with his life as it is, i think he would've lived longer. but alas, forty was his destiny of death. i also found it very amusing how the place where it all started was ultimately where it all ended. mr. charrington's shop where he bought that diary. maybe it was a ploy by the thought police, maybe it was when they truly began to observe him strictly. who knows? either way, he was damned the moment o'brien kept an eye on him. ""we shall meet in the place where there is no darkness."" damn, what a double meaning. so good yet so bad . the ending gave me a good laugh, maybe because it was such a relief to finally be done with all of the absurdity. it was a fitting end, nonetheless. dystopian stories typically end with a successful revolution, but the fact that this book showed how one individual in a huge system was given a tiny hope then quickly stripped of it was more chilling than it would be if it were shown in a hollistic perspective. all the while, it gives you no escape with that sense of helplessness and tramples on every possibility of happiness. orwell's 1984 was definitely refreshing, the first i've read of its kind, and i understand perfectly why it's a classic."
Harry Potter and the Deathly Hallows,J.K. Rowling,8/19/25,8/16/25,2025/08/12-2025/08/16,"adventurous, challenging, dark, emotional, funny, hopeful, informative, mysterious, reflective, sad, tense",medium,5.0,"i knew i had too much to say about this book; but when i finished reading it, the words got sucked out of me like a vacuum. it was that good. the half-blood prince only took me five days to finish while this took four with 70% of it being finished in one night. it was that gripping. i couldn't sleep without knowing how this would all end. i had to turn the next page. harry potter was the first series i bought and read. safe to say, all the money i spent felt cheap. at first, i had a little regret that this couldn't be a part of my childhood like many others. i was already 20 years old when i first held the the philosopher's stone in my hands. but that regret quickly dissapated because i felt like a kid reading through it all anyway, and as i turned the pages, i felt like i grew up with them no matter how old i was already. it feels good to say goodbye to this series, but at the same time, it's one of those times when you just wanna live in its world forever. harry potter felt like a home within pages. when i can finally afford it, i'll buy the minalima editions. i just hope by then, they'll have finished until the deathly hallows. the reason i adore this series despite it not being an intellectual venture like most of my books is because this series taught me to be human. as an entj, the narrative of an isfp helped me understand how lies don't necessarily carry malice and how truth can carry it instead, how someone could have completely different values from you but still be your best friend, how acceptance can triumph over understanding to provide an amicable result, and how words could mean not literally but utilized as a means to an end. now, going from the start, i honestly thought the seven potters was a brilliant idea. maybe i'm just happy with the variety, but it was a good plan to confuse the death eaters and buy time until the real harry gets to safety (at the cost of the others'). it was also heartwarming for harry to ride sirius' bike with hagrid for the last time. there's something so symbolic about it. it's like sirius, even beyond his grave, is still protecting harry with his everything. meanwhile, the death of hedwig and dobby was unexpected. i screamed when dobby died and wished it wasn't true. he was too good to end up like that . hedwig's death left me in denial; how could j.k. rowling just kill the purest creature of this series?! she was harry's solace! mad-eye was kinda eh, but i momentarily got frozen when i read it; glad that his eye was buried by harry. lol, rita skeeter won't even leave a dead man in peace. hermione's imprisonment taught her nothing. won't do shit for my adoration towards dumbledore though, he's still my favorite character in the series. any character who is ridiculously powerful and wicked good at manipulation but still chose to remain kind is automatically a favorite of mine. now, onto the finding of the hocruxes, there have been hints all across the books of how narrow-minded and rigid hermione is, but in this book, they laid it out so clearly. girl's thinking is textbook-constrained, any thinking outside of the box is considered delusion to her. but glad harry is different and is able to form his own opinions. yet people wonder why they didn't end up together, lol. i don't even fucking know why she and ron ended up together. personally, viktor was a better match. i don't know where ron and hermione complement each other except that they've had feelings for each other from book 4, they've just never been brave enough to tell each other. i enjoyed the subplot of goblins. it was good. being able to still include world-building even by the end was a nice element of the series. and in terms of that, i couldn't believe umbridge was still relevant after the order of the phoenix ahahhahahah. that was a surprise. as spoiled as i was with the harry potter franchise (due to social media), snape was indeed the biggest plot twist, possibly one of the biggest plot twist i've ever encountered. however, contrary to the popular choice, i didn't end up loving snape's character. when i read his backstory, my feelings about him shifted from hate to neutral with 10% more hate. lol, he wasn't just evil ""for harry"", he really was evil. that guy was so unnecessarily cruel to harry, neville, and the other students. that being said, snape's loyalty to lily until the end made me reconsider my perspective on love. because prior to him, i would've thought that love was natural, genuine, kind, free, sincere, and respectful between the two people. snape made me realize things in a different light. sure, his way of loving her was not best. his love for her wasn't clean. but at its core, snape truly did love her in spite of not having those feelings returned. that is something that cannot be invalidated. his death was pathetic though, i wish the author allowed him to put up much of a fight. who cares if it's lord voldemort?! at least let him struggle for a bit. come on, harry's gone against him multiple times and emerged victorious every time. i guess that's the power of plot armor. the battle of hogwarts was insane. it's a shame the movie couldn't fully portray it. it was so much more magnificent and wild in my mind. it's like everything from book 1 to book 7 came together, it was a really nice synthesis!! i could feel all the pent-up history, desires, and rage exploding at once. i think every specie was present there, and i really love the fact that percy wasn't forgotten and given his redemption arc. it was nice to have all of the weasley family present for a moment. but i guess j.k. rowling thought that the return of one weasley should be paired with the life of another weasley. i ended up loving the character development of dursley. glad they gave him that one. it would've been nice if he was a part of the ending, but i guess that's not the focus of the series. overall, the way things ended didn't really have that much of an impact on me, but at least it's a happy ending. that was very on brand of harry potter."
"Beware the Villainess!, Vol. 1","Soda Ice, Blue Canna, Berry",7/11/25,7/10/25,2025/07/09-2025/07/10,"funny, hopeful, inspiring",medium,4.0,"this is what happens when a 21st-century feminist reincarnates into the body of an 18th-century noblewoman. melissa is a well-written character. unlike typical villainesses who are crafted solely for revenge (a clich i still adore), shes multidimensional and compelling in her own right. her character development is also handled beautifully. as the story progresses, melissa becomes more self-aware recognizing her flaws, limitations, and shortcomings and actively works to improve her circumstances. for example, realizing jacks overwhelming physical strength, she takes up swordsmanship and eventually wields the most ridiculously powerful sword in their world. and while the story clearly favors her, it doesnt coddle her. crisis after crisis is thrown at melissa, but the pacing is done well: tense and engaging, without becoming suffocating. what makes melissa stand out even more is her social awareness. shes unafraid to call out patriarchy and misogyny, and her sharp criticism gives her the confidence and clarity to confront the four protagonists. shes particularly immune to ians manipulative behavior (seriously, someone please hire that man into an acting agency; might as well make him useful for once). now, im taking off one star for one reason: nine. compared to everyone else, even yona with her hilariously unwavering greed, nine is bland. he irritates me. maybe its because he follows that tired ""soft but secretly possessive"" trope for male leads. yes, hes cute, but his character is undercooked. worse, melissa, who is capable of forming complex plans, defeating serious threats, and navigating crisis after crisis without relying on plot armor, suddenly becomes oblivious to his obvious romantic advances? her intelligence vanishes the moment he enters the scene. its honestly a joke. despite that, i really loved melissas expressions throughout the series. her ability to creatively maneuver situations or confront them head-on is magnetic. she is so hot. i simped for her every chapter. no doubt, shes the hottest female manhwa character ive ever come across. also? melissa and yonas dynamic is everything. sure, its presented as a transactional relationship driven by yonas love of money, but id like to think yona genuinely cares for melissa. her loyalty is unwavering, matched only by nine. and then theres the heroine: yuri. adorable. i cant wait to see her character fleshed out further. i loved how she preferred melissa over the mlespecially during the night market scene. ian was clearly the third wheel. peak comedy. also? i ship melissa and yuri. hard. it would be amazing if they were endgame . but of course we all know it's going to be nine."
Harry Potter and the Chamber of Secrets,J.K. Rowling,5/31/25,6/9/25,2025/05/31-2025/06/09,"adventurous, emotional, funny, hopeful, inspiring, mysterious, relaxing, sad, tense",slow,2.5,"hmm, i'll give this a 2.5 stars out of my love for the weasley family. the only thing i enjoyed in this book was the first quarter. it felt good to read harry and ron flying the car to hogwarts, such a shame that so many of its details were skipped in the movie. otherwise, it felt slow and just... not that interesting at all even tho it is technically interesting and gripping. idk maybe i'm just getting used to the harry potter pattern already."
She Who Became the Sun,Shelley Parker-Chan,5/10/25,5/10/25,2025/04/26-2025/05/10,"ambitious, hungry, desperate, ruthless, yearning",fast,1.75,"damn, i thought it was only men that were great at the start but eventually became disappointing, but this book managed to replicate the same behavior. honestly, that caught me so off guard better than any of this book's plot twist did. i was so invested from the description and first few chapters that i even color-themed my tabs according to the book cover and added sticky notes to a book for the first time. i was thoroughly enjoying the experience until it eventually became bland and somehow i was able to accurately predict the ending. ugh, i can't hate this book enough. i'd rather spend my time whipping out paragraphs appreciating an author's good writing. i kept hoping that it wouldn't turn out the way i expected it to be, but as i kept reading, my impatience got the better of me and i skipped to the ending. turns out, it all happened as i predicted right down to the last detail. super generic. wasted money to buy the book *sighs*. i do love esen and ouyang's relationship tho."
The Art of Spending Money: Simple Choices for a Richer Life,Morgan Housel,12/15/25,12/15/25,2025/12/12-2025/12/15,"informative, reflective",medium,4.25,"i picked up the art of spending a few days after seeing it on shopee, motivated by how deeply morgan housels the psychology of money changed the way i think about my finances. that book pushed me to finally get my financial life in order i built savings, created a simple budgeting system, understood my financial behaviors better, and started making decisions with my future self in mind. naturally, the next question became: how do i spend money well? so when i found this book, i knew i wanted to read it as soon as possible. like many reviewers, i agree that this book isnt as tightly structured or as powerfully organized as his previous one, and yes, some of the ideas may feel like common sense. but i also think this is the kind of book that needs time to sit with you. it feels like something ill want to revisit later, when ive lived a little more and my relationship with money has evolved further. one of the concepts i really appreciated was his spectrum of financial dependence to independence. it offers a helpful framework for understanding where i am now and where i hope to be in the future. and then theres the line that struck me the hardestperhaps the most dystopian yet painfully true idea in the book: what actually brings happiness is the contrast between what you have now and whatever you were just experiencing. this really made me think. it reframes happiness not as something permanent we eventually arrive at, but as something contextual and relative. it isnt about endlessly accumulating more or finally reaching a financial milestone; its about contrast, movement, and perspective. after struggle, stability feels euphoric. after deprivation, even small comfort feels luxurious. but once those things become normal, the emotional payoff fades and we instinctively look for the next contrast. its unsettling because it suggests we may never be fully satisfied. i also appreciated that housel didnt resort to the oversimplified clich of money doesnt buy happiness. instead, he acknowledges the complicated truth: money matters. in modern society, it functions almost like air essential, often invisible until you dont have enough of it. dismissing its importance often comes from a place of comfort. at the same time, money isnt the ultimate meaning of life; it isnt inherently valuable, but it can be wielded to pursue things that are. overall, while the art of spending may feel less structured than the psychology of money, it still offers ideas worth thinking about ideas that linger, challenge you, and quietly reshape how you view happiness, value, and what enough really means."
Harry Potter and the Philosopher's Stone,J.K. Rowling,7/23/25,5/31/25,2025/05/28-2025/05/31,"adventurous, emotional, hopeful, inspiring, lighthearted, relaxing",medium,4.25,"this was a fun read. i bought the entire series to binge because i thought harry potter would give my heart a break from all the heart-wrenching books i had in ny reading diet lately. surely enough, it did. i ought to add more children's book to my tbr list these days. i loved ron's sassiness and harry's school days were very fun to go along with. hermione was initially insufferable, but her character development was wonderful. it was heartwarming to see the weasleys accept harry as one of their own. i won't make this review much longer because i plan to make the real review after finishing the series."
Babel,R.F. Kuang,3/5/25,4/14/25,2025/03/04-2025/04/14,"challenging, dark, emotional, reflective, sad, tense",medium,4.75,"this book inspired me to create a book blog which i absolutely plan to start asap, but will take time to set up. some things just move you too much that you have to create something for it. babel was one hell of a ride. i have 3,681,048,261 things to say about this book that i don't even know where to start. suddenly i understand why some youtubers post up to thirty-minute videos just to analyze a character or the plot of a story. because i feel the same way about letty and the systematic oppression theme of babel. i could totally write essays, especially on the death of professor lovell. but alas, time is a beautifully painful constraint. [] this book took too many of my firsts, which are: it was my first time spending 10 dollars for a book, and even then, that was on discount and i found it very expensive. going forward, i'm probably expanding my budget for one book up to 20 dollars due to finally recognizing the value of a well-written book despite the price. *babel* was pretty thick, so my money was worth it and it took me a while to consume it. it was my first time reading a book about languages and it really validated my desire to become a polyglot. it made me realize how vast cultures are in general and why they say learning a new language unlocks a new perspective toward the world. no book has ever challenged and inspired me intellectually the way this book did. *1984* was quite the read, but damn, this was on a whole new level. it was emotionally gripping and so thought-provoking at the same time. joining robin in his life at oxford made me escape yet confront reality at the same time. i've never wished for the death of a character i hated so much to be undone the way i did with lovell. don't get me wrong, he had it coming and robin would probably tread into a fate much worse than death if he hadn't struck first, but i did wish it didn't end up that way because everything went spiraling downwards after it. but it was still beautifully written. [] these characters left their imprints on me: 1. this book killed a lot of my favorite characters, but i'll never recover from ramy's death. he was the best character here. truly a joy to read and his dialogues were hilarious. i liked him the moment he appeared. the best description about him: ""he knew how to make himself an object of fascination while neutralizing himself as a threat."" 2. i really thought griffin would live until the end, tf. he was interestingly written. i understood his paranoia, agreed with a lot of his beliefs, and ultimately realized why he could never fully trust robin until the circumstances demanded it. out of everyone, he was the most worthy to live. but i guess he lived on through robin? and his ideas were brought to fruition, though it was a little late. everyone should've listened to him earlier. 3. evie. sweet, innocent, dear evie or was she? this pos haunts the plot beautifully and goddamn i wish there was an entire book just for her. she's a villain that, though doesn't have much of a presence, you can't help but respect. if she would've lived on, she would've been a true menace even more than playfair's numerous inventions. 4. and then there's this woman that did nothing but piss me off 70% of the book until i got to her pov and began to appreciate the symbolism of her character. sadly, letty's existence is realistic, which is probably why it pisses a lot of people off so much. there was no saving her; she didn't want to be saved. the system benefitted her, so she doesn't see a need to question the status quo. it's also befitting of her to never be able to understand why ramy never reciprocated her feelings. [] the following quotes resonated with me: ""the translator dances in shackles."" ""...as if his loyalties were shackles by privilege he had not asked for and did not choose to receive."" ""he hoped. he hoped until hope became its own form of torture."" ""but they could not touch that abyss of grief. it was too early yet to give it a name, to shape and tame it with words."" ""if they're going to tell stories about you, use it to your advantage."" ""but what do we know of thought and feeling except as expressed through language?"" ""...to justify a vice with virtue."" [] this interaction was my highlight: ""you mean witchcraft,"" said ramy. ""that's not natural."" letty snorted. ""you need to meet more women."""
"The 80/20 Principle, Expanded and Updated: The Secret to Achieving More with Less",Richard Koch,4/14/25,2/11/25,2025/01/30-2025/02/11,"challenging, informative, inspiring, reflective",slow,3.75,"balance is the perfect imbalance, that's the central theme of this book. honestly, this book is perfect for lazy ambitious people. it talks about how reframing your focus to better things will lead to a more fulfilled life. because let's face it, not everything is important. the author itself applied the 80/20 principle to his own book. most of the content is skippable once you get the overall gist of the principle because they're just sets of data and historical events dedicated to proving one point right that a small number of efforts lead to most results. here are some lines in the book that are worth remembering: ""the universe is unbalanced. the world is not linear; cause and effect are rarely linked in an equal way."" ""do not tackle everything with equal effort."" ""people who achieve the most are selective as well as determined."" ""you are hugely more productive at some things than at others, but dilute the effectiveness of this by doing too many things where your comparative skill is nowhere near as great."" ""there are always winners and losers."" ""you are more likely to win by rigging the odds in your favor than by striving to improve your performance."" ""we don't need time management we need a time revolution."" ""there is no value in doing things you don't enjoy."""
The Seven Husbands of Evelyn Hugo,Taylor Jenkins Reid,2/4/25,3/4/26,2026/03/03-2026/03/04,emotional,medium,4.0,"first book of this year and it did not disappoint. im honestly not a fan of romance as a genre. i actively avoid it most of the time. the main reason this book ended up on my tbr was because its lgbtq+, it stayed hyped on social media long after its peak, and the title intrigued the hell out of me especially after i got spoiled that evelyn had been in love with a woman all along. not gonna lie, the beginning didnt hook me. it felt bland, and evelyn irritated me at first because she carried this air of entitlement. but once the biography started, i couldnt put the book down. i actually regret not reading it as soon as i received the package. ive been looking for a book that could completely pull me into its world again ( the secret history is still moving a bit slow for me), and this one did exactly that. for two days straight i was absorbed in it, and even days after finishing, i still found myself thinking about it. its honestly bizarre realizing evelyn isnt a real person, that this isnt actually a biography based on real life. there wasnt a specific character i ended up loving the way i have in other books (like cedric from harry potter or ramy from babel ), but i did appreciate the complexity of evelyn. i understand her line of thinking because im also an entj. i know what it feels like to want power. one thing i really disliked was the implication that harry, despite being gay, still had a small part of him that wanted to sleep with evelyn. that line honestly threw me off. before his sexuality was revealed, i had actually been rooting for him and evelyn because he treated her with so much respect. that said, i ended up loving the direction their relationship took. their platonic soulmate dynamic was beautiful, and it was comforting to see evelyn find genuine solace in someone despite the emptiness of hollywood. i also agreed that having a child together made sense, and i was glad he turned out to be the father. as for evelyn and celia, ill just say it outright: they were toxic. yes, the sensual scenes are written well, but lust still feels like a recurring theme throughout their relationship. i dont think evelyn ever truly escaped seeing herself as an object of desire. even in her own narration, there are moments where she admits feeling objectified by celia. their constant on-and-off never felt like yearning or romantic pining to me. it mostly felt like pride getting in the way of communication, wasting years they could have spent together. every time they reunited, it felt more like mutual neediness than genuine resolution. their values and principles were often misaligned, and the book never fully explored that it just skipped ahead to them reconciling. that felt like an important conflict that shouldnt have been glossed over. while celia and evelyn did have me smiling, there was no romance in this book i wholeheartedly enjoyed and wanted to replicate. i was also genuinely surprised evelyn even entertained max. by that point she was already forty. youd think she would have learned those lessons by then; that some men are only excellent in the beginning, when theyre trying to acquire you, but are never actually capable of loving you. as for monique, she was unimpressive. but to be fair, anyone would seem unimpressive when evelyn hugo dominates the narrative. i did like that she eventually took responsibility for her own life, ended her marriage, and started making decisions for herself. in a way, evelyn pushed her toward taking those leaps so she wouldnt reach the end of her life full of regret something evelyn herself had plenty of. im also glad the story didnt go for the predictable ending where monique tries to save evelyn with a speech about how precious life is. if someone knows its their time to go, let them go. ive never understood why people struggle with that idea so much. the twist involving moniques father was interesting, but it didnt impress me nearly as much as the rest of evelyns story. overall, it was fascinating to grow up alongside evelyn her humble beginnings, her rise to stardom, her love for celia, her platonic marriage with harry, their child (though i still think connor is such a strange name for a girl), and eventually her retirement. despite everything they went through, i did find it wholesome that celia spent the last eleven years of her life with evelyn in a quiet part of spain, where they could finally love each other freely. the quote that stuck to me: ""i should have apologized and sent roses and stood on top of the hollywood sign and shouted 'i'm in love with celia st. james!' and let them crucify me for it ."""
Harry Potter and the Prisoner of Azkaban,J.K. Rowling,6/9/25,6/28/25,2025/06/09-2025/06/28,"adventurous, emotional, funny, hopeful, inspiring, lighthearted, relaxing, tense",medium,4.5,"i had a slow start to this book because the second one bore the fuck out of me and i was occupied with our final examinations, but professor lupin brought me back to life. honestly, i might prefer this over the philosopher's stone just because of the cast, namely: lupin, sirius, james, and ron. hagrid's classes deserved better. it had so much good potential :((. fuck you, malfoy. this is probably the first book where he was snobbed most of the time. he did not have as much ""screen time"" than he did with the previous ones. it was heartwarming to see harry finally having a relationship with his godfather. i was very happy for him when sirius proposed that harry lived with him. but alas, that could not happen yet. i hope in the future, it will. sirius sounds like a good uncle that harry will learn a lot from and have lots of fun with. meanwhile, lupin. lupin was my absolute favorite character in this. i don't fucking care that he's as haggard as the books describe him. he's a fine man on my mind (not simping on him, stop those weird side eyes on my direction). he was a cool guy and absolutely the dark arts teacher they all deserved. how dare snape rob us of that. also he was a strong and proportional werewolf in my mind. not that thin shit on the movies. i would love to learn more about james potter and his gang in the next books :)). oh, and ron. there's nothing more to say about him. ron is always adorable throughout all the books. best bro. i love how he's always by harry's side as harry is with his . he's the character that constantly makes me happy in the series."
Harry Potter and the Order of the Phoenix,J.K. Rowling,7/20/25,8/7/25,2025/07/19-2025/08/07,"adventurous, dark, emotional, funny, mysterious, tense",slow,3.75,"i have so many things to say about this book, but i dont really feel like writing a super long review, so ill just try to condense my thoughts. even though the length was kind of intimidating at first, i ended up loving how rich the world-building was. i actually enjoyed taking my time with it. theres something satisfying about holding a thick book and knowing youve read every single word. it made me realize: i really like long books. i want more of them. war and peace is next on my list (lol, i hope it doesnt take me longer than two months). this was the first harry potter book that had me hooked right from the start. normally, the earlier chapters are more slow and quiet, and then things go crazy toward the end (especially with what happened in the goblet of fire). but in this one, i was gripped immediately. ironically, by the time i reached the end, my attention had already started drifting. it felt like all the best stuff was packed into the middle. it was nice to see ron finally getting the appreciation and spotlight he deserved. although, ron and hermione's prefect duties fell halfway through the book, it would've been nice for it to be relevant all throughout. on the other hand, dracos honestly a joke at this point. the only reason hes overhyped is because tom felton happens to be conventionally attractive. i have to keep reminding myself hes just fifteen, of course his attempts at power plays are pathetic. but even so, i cant ignore how his behavior often serve as symbolic sign of deeper issues; the very mindset that enables and perpetuates broken systems. i also really enjoyed the addition of new characters, especially luna and tonks. luna, in particular, was such a fun new element, and honestly, her portrayal in the movie was pretty accurate. they nailed her dreamy voice. on the flip side, umbridge was insane. like, how is it even possible to hate a side character more than the actual villain? girlie made snape look kind in comparison. thats a real achievement. it was also pretty cool seeing all the defence against the dark arts teachers show up in the same book. now, lets talk about harry. ive seen some people say his outbursts were annoying, but come on; the guy is sixteen, has trauma, and is constantly being left in the dark while literally being hunted by voldemort. his anger felt so valid to me. imagine being treated like a fragile glass that could shatter from one touch when youve gone through way more than the adults in the series. imagine being led like a puppet and expected to follow instantly without explanation when you're the most worthy of explanation. everyone's trying to ""protect"" him and are doing an absurdly shitty job at it. even dumbledore admitted that in the end. so yeah, im defending my boy on this one. as for sirius, i cant believe im saying this, but i didnt even feel sad when he died. same as with cedric, his death was just thrown out in there and felt disrespectful. though truthfully, i grew to dislike sirius in this book, which sucks because i really liked him in prisoner of azkaban. his loyalty is admirable, sure, but he honestly just felt like another teenager trapped in an adults body. ""youre less like your father than i thought."" molly was right. sirius was projecting james onto harry. lupin was a better father figure for harry, but if you ask me, he's just the lesser evil. none of the two saw what was wrong with bullying someone even until their adulthood. all that said, i still want to give this book some serious credit. the world-building was incredible, even better than the goblet of fire, and there were so many moments that made the reading experience genuinely enjoyable. honestly, i dont remember laughing as much in any of the previous books. some of my favorite lines: you dont mind if we dont kiss you, do you, ron? i suppose lord voldemorts just a warm-up act compared to you three. youre well out of it, mate. i mean, shes quite good-looking and all that, but you want someone a bit more cheerful. extra lessons with snape what on earth had he done to deserve this? women! harry muttered angrily."
Harry Potter and the Half-Blood Prince,J.K. Rowling,8/7/25,8/12/25,2025/08/07-2025/08/12,"adventurous, challenging, dark, emotional, funny, mysterious, sad, tense",medium,3.5,"originally just three stars, but i'll give it more for dumbledore's death. it was given the respect it deserved. compared to the prior releases, there wasn't anything i particularly liked in the beginning or middle, but i did enjoy reading it. it did surprise me, however, that draco couldn't kill in the end. the half-blood prince felt like an irrelevant side quest tho, even tho it's the title. dumbledore was the only thing i enjoyed and loved in this book. a lot happened, yet when i looked back, there's nothing much to remember. still can't get over fleur's line, ""i am good-looking enough for the both of us."" like, slay?!?!?! damn, the flex to be able to say that. girlie was cooking."
